{"train_Loss": 1.333236777374887, "train_Peer Normalization": 0.2058398082979724, "train_loss_layer_0": 0.09244156766953505, "train_ff_accuracy_layer_0": 0.9885316506410263, "train_loss_layer_1": 0.071155574017768, "train_ff_accuracy_layer_1": 0.9961104433760694, "train_loss_layer_2": 0.0647696719935379, "train_ff_accuracy_layer_2": 0.9963775373931627, "train_loss_layer_3": 0.136238759597985, "train_ff_accuracy_layer_3": 0.9935563568376083, "train_loss_layer_4": 0.3072466345416366, "train_ff_accuracy_layer_4": 0.9874549278846159, "train_loss_layer_5": 0.6512749233943789, "train_ff_accuracy_layer_5": 0.9773387419871791, "train_classification_loss": 0.003934446332601108, "train_classification_accuracy": 0.9993322649572633, "train_multi_pass_classification_accuracy": 0.9963942307692311, "_timestamp": 1682637202.4455907, "val_Loss": 0.05624356963791144, "val_classification_loss": 0.05624356963791144, "val_classification_accuracy": 0.984074519230769, "val_multi_pass_classification_accuracy": 0.9837740384615384, "_runtime": 1418.4818696975708, "_step": 67, "_wandb": {"runtime": 1421}}