{"train_Loss": 112.01282264024782, "train_Peer Normalization": 0.0050071714138492755, "train_loss_layer_0": 2.806844533126576, "train_ff_accuracy_layer_0": 0.6908720619658121, "train_loss_layer_1": 20.358586608599403, "train_ff_accuracy_layer_1": 0.5482271634615382, "train_loss_layer_2": 12.795402816218193, "train_ff_accuracy_layer_2": 0.5166432959401707, "train_loss_layer_3": 26.16829410730267, "train_ff_accuracy_layer_3": 0.5065271100427351, "train_loss_layer_4": 21.469514738800218, "train_ff_accuracy_layer_4": 0.5070362580128208, "train_loss_layer_5": 26.548223820507065, "train_ff_accuracy_layer_5": 0.5021617922008547, "train_classification_loss": 1.8658067563660137, "train_classification_accuracy": 0.32331730769230743, "train_multi_pass_classification_accuracy": 0.1226295405982905, "_timestamp": 1682625843.1775506, "_runtime": 8.103160619735718, "_step": 0, "_wandb": {"runtime": 7}}