{"train_Loss": 35.7063368209203, "train_Peer Normalization": 0.7365686130523682, "train_loss_layer_0": 1.628089500684576, "train_ff_accuracy_layer_0": 0.9765583011507991, "train_loss_layer_1": 1.6402061164531823, "train_ff_accuracy_layer_1": 0.9918666453162838, "train_loss_layer_2": 10.072270846227962, "train_ff_accuracy_layer_2": 0.9693833043177921, "train_loss_layer_3": 22.28543386618297, "train_ff_accuracy_layer_3": 0.9419916488726925, "train_classification_loss": 0.05823940230067818, "train_classification_accuracy": 0.9816499670346547, "train_multi_pass_classification_accuracy": 0.9823333003123573, "_timestamp": 1682609142.307437, "_runtime": 235.95993304252625, "_step": 59, "val_Loss": 0.0979404008388519, "val_classification_loss": 0.0979404008388519, "val_classification_accuracy": 0.9723999696969993, "val_multi_pass_classification_accuracy": 0.9726999682188038, "_wandb": {"runtime": 238}}