{"train_Loss": 218.1790046386718, "train_Peer Normalization": 3.561117107391359, "train_loss_layer_0": 9.24527634572982, "train_ff_accuracy_layer_0": 0.8985399796962729, "train_loss_layer_1": 22.252377706527685, "train_ff_accuracy_layer_1": 0.8618799818754209, "train_loss_layer_2": 41.921319190979034, "train_ff_accuracy_layer_2": 0.7746199815273276, "train_loss_layer_3": 43.196290672302254, "train_ff_accuracy_layer_3": 0.7601699808835982, "train_loss_layer_4": 50.14406029701234, "train_ff_accuracy_layer_4": 0.7414799820184699, "train_loss_layer_5": 50.357909786224376, "train_ff_accuracy_layer_5": 0.7345099816918371, "train_classification_loss": 0.9549368181228645, "train_classification_accuracy": 0.6714599850177777, "train_multi_pass_classification_accuracy": 0.7130599828958514, "_timestamp": 1682612087.2679152, "_runtime": 1966.1037323474884, "_step": 199, "val_Loss": 1.7043448293209074, "val_classification_loss": 1.7043448293209074, "val_classification_accuracy": 0.4504999884963034, "val_multi_pass_classification_accuracy": 0.4806999862194063, "_wandb": {"runtime": 1965}}