{"val_Loss": 7.252774844169616, "val_classification_loss": 7.252774844169616, "val_classification_accuracy": 0.20179999478161323, "val_multi_pass_classification_accuracy": 0.21029999382793896, "_timestamp": 1682610507.1353672, "_runtime": 385.9711842536926, "_step": 41}