{"train_Loss": 524843021653.33356, "train_Peer Normalization": 18075873.091666657, "train_loss_layer_0": 1087642237.8666663, "train_ff_accuracy_layer_0": 0.49999999999999944, "train_loss_layer_1": 111309342924.79991, "train_ff_accuracy_layer_1": 0.49999999999999944, "train_loss_layer_2": 185833148825.59995, "train_ff_accuracy_layer_2": 0.49999999999999944, "train_loss_layer_3": 226612346743.46664, "train_ff_accuracy_layer_3": 0.49999999999999944, "train_classification_loss": 2.3420552452405277, "train_classification_accuracy": 0.10063333778331679, "train_multi_pass_classification_accuracy": 0.09933333788067103, "_timestamp": 1682618385.3322983, "_runtime": 36.69981527328491, "_step": 11, "val_Loss": 2.343788635730744, "val_classification_loss": 2.343788635730744, "val_classification_accuracy": 0.10320000424981117, "val_multi_pass_classification_accuracy": 0.0858000047504902, "_wandb": {"runtime": 37}}