{"train_Loss": 3239710640582476.0, "train_Peer Normalization": 36909777173.721, "train_loss_layer_0": 43965929357.172905, "train_ff_accuracy_layer_0": 0.5118999984363766, "train_loss_layer_1": 571445479041148.4, "train_ff_accuracy_layer_1": 0.5000000000000048, "train_loss_layer_2": 680173650411303.1, "train_ff_accuracy_layer_2": 0.5000000000000048, "train_loss_layer_3": 659672672747595.1, "train_ff_accuracy_layer_3": 0.5000000000000048, "train_loss_layer_4": 662908173369761.0, "train_ff_accuracy_layer_4": 0.5000000000000048, "train_loss_layer_5": 665465535345398.5, "train_ff_accuracy_layer_5": 0.5000000000000048, "train_classification_loss": 25.227491036256165, "train_classification_accuracy": 0.10159999731617664, "train_multi_pass_classification_accuracy": 0.10176666399153562, "_timestamp": 1682611285.2535398, "_runtime": 79.18605589866638, "_step": 1, "val_Loss": 21.20772785186767, "val_classification_loss": 21.20772785186767, "val_classification_accuracy": 0.08919999806210395, "val_multi_pass_classification_accuracy": 0.09649999754503363, "_wandb": {"runtime": 101}}