{"train_Loss": 67.64807655464891, "train_Peer Normalization": 1.1854161976749058, "train_loss_layer_0": 5.01582927785368, "train_ff_accuracy_layer_0": 0.9218583066239323, "train_loss_layer_1": 3.9721676386319698, "train_ff_accuracy_layer_1": 0.9706947783119659, "train_loss_layer_2": 7.317189988926943, "train_ff_accuracy_layer_2": 0.9605869391025651, "train_loss_layer_3": 10.474233777095106, "train_ff_accuracy_layer_3": 0.9497112045940174, "train_loss_layer_4": 18.721442348936698, "train_ff_accuracy_layer_4": 0.9320078792735043, "train_loss_layer_5": 21.993319835418294, "train_ff_accuracy_layer_5": 0.9179604033119659, "train_classification_loss": 0.11833137864422079, "train_classification_accuracy": 0.963374732905983, "train_multi_pass_classification_accuracy": 0.9586171207264963, "_timestamp": 1682625820.066723, "_runtime": 73.71233606338501, "_step": 23, "val_Loss": 0.11245273110958248, "val_classification_loss": 0.11245273110958248, "val_classification_accuracy": 0.9672475961538463, "val_multi_pass_classification_accuracy": 0.9598357371794872, "_wandb": {"runtime": 77}}