{"train_Loss": 530866341533.0132, "train_Peer Normalization": 29691183.83666665, "train_loss_layer_0": 7101180.3370833285, "train_ff_accuracy_layer_0": 0.5000000000000048, "train_loss_layer_1": 110953768045.22665, "train_ff_accuracy_layer_1": 0.5000000000000048, "train_loss_layer_2": 189218414346.24, "train_ff_accuracy_layer_2": 0.5000000000000048, "train_loss_layer_3": 230686167040.00003, "train_ff_accuracy_layer_3": 0.5000000000000048, "train_classification_loss": 2.4608582266171797, "train_classification_accuracy": 0.10138333050223675, "train_multi_pass_classification_accuracy": 0.09954999712916701, "_timestamp": 1682615031.2068636, "_runtime": 112.84450173377991, "_step": 5, "val_Loss": 2.4373345136642453, "val_classification_loss": 2.4373345136642453, "val_classification_accuracy": 0.10249999746680252, "val_multi_pass_classification_accuracy": 0.09119999770075078, "_wandb": {"runtime": 116}}