{"train_Loss": 38.83617270310719, "train_Peer Normalization": 0.7242978972196574, "train_loss_layer_0": 1.5424964391166185, "train_ff_accuracy_layer_0": 0.9768083008130382, "train_loss_layer_1": 1.7507409637405722, "train_ff_accuracy_layer_1": 0.9909499781330443, "train_loss_layer_2": 11.47932497054339, "train_ff_accuracy_layer_2": 0.9668833053112019, "train_loss_layer_3": 23.981319543123238, "train_ff_accuracy_layer_3": 0.9386916496356308, "train_classification_loss": 0.060561874798731825, "train_classification_accuracy": 0.9811833011110594, "train_multi_pass_classification_accuracy": 0.9800833012660322, "_timestamp": 1682612234.6407125, "_runtime": 302.48303055763245, "_step": 61, "val_Loss": 0.09873369517736139, "val_classification_loss": 0.09873369517736139, "val_classification_accuracy": 0.9725999683141712, "val_multi_pass_classification_accuracy": 0.9725999701023106, "_wandb": {"runtime": 307}}