{"train_Loss": 2.1580619305372255, "train_Peer Normalization": 0.49204292530814797, "train_loss_layer_0": 0.1548651304220159, "train_ff_accuracy_layer_0": 0.9459083161751418, "train_loss_layer_1": 0.35021091128389, "train_ff_accuracy_layer_1": 0.8676333165168749, "train_loss_layer_2": 0.5500746441880864, "train_ff_accuracy_layer_2": 0.7160166505972536, "train_loss_layer_3": 0.646019401947657, "train_ff_accuracy_layer_3": 0.618766654431821, "train_classification_loss": 0.4421305607259275, "train_classification_accuracy": 0.870349980294704, "train_multi_pass_classification_accuracy": 0.8575333133339864, "_timestamp": 1682611871.9392378, "_runtime": 145.2509527206421, "_step": 21, "val_Loss": 0.3923441126942635, "val_classification_loss": 0.3923441126942635, "val_classification_accuracy": 0.8892999798059467, "val_multi_pass_classification_accuracy": 0.8668999820947649, "_wandb": {"runtime": 145}}