{"train_Loss": 2.006818295034587, "train_Peer Normalization": 0.00614783681857471, "train_loss_layer_0": 0.09890568759451568, "train_ff_accuracy_layer_0": 0.9690337873931623, "train_loss_layer_1": 0.125586805658208, "train_ff_accuracy_layer_1": 0.9531250000000004, "train_loss_layer_2": 0.27648479994545627, "train_ff_accuracy_layer_2": 0.8996561164529913, "train_loss_layer_3": 0.35675743757150136, "train_ff_accuracy_layer_3": 0.8722455929487176, "train_loss_layer_4": 0.4896098856742566, "train_ff_accuracy_layer_4": 0.8461538461538459, "train_loss_layer_5": 0.46506079674785955, "train_ff_accuracy_layer_5": 0.8320312499999994, "train_classification_loss": 0.19422844908813142, "train_classification_accuracy": 0.9440271100427358, "train_multi_pass_classification_accuracy": 0.9000233707264949, "_timestamp": 1682626051.3775158, "_runtime": 176.0192928314209, "_step": 61, "val_Loss": 0.1956583223281762, "val_classification_loss": 0.1956583223281762, "val_classification_accuracy": 0.9457131410256411, "val_multi_pass_classification_accuracy": 0.9110576923076924, "_wandb": {"runtime": 179}}