{"train_Loss": 398.62809349125274, "train_Peer Normalization": 3.3205111199974, "train_loss_layer_0": 7.38080883331788, "train_ff_accuracy_layer_0": 0.9259982638888895, "train_loss_layer_1": 19.701987429561772, "train_ff_accuracy_layer_1": 0.9431674011752142, "train_loss_layer_2": 37.99971698695775, "train_ff_accuracy_layer_2": 0.9287192841880343, "train_loss_layer_3": 62.5860151225685, "train_ff_accuracy_layer_3": 0.9108406784188033, "train_loss_layer_4": 105.1303093902066, "train_ff_accuracy_layer_4": 0.8888972355769231, "train_loss_layer_5": 165.49102434337664, "train_ff_accuracy_layer_5": 0.8603265224358981, "train_classification_loss": 0.23861457585779003, "train_classification_accuracy": 0.9269998664529921, "train_multi_pass_classification_accuracy": 0.9149973290598284, "_timestamp": 1682629599.8906462, "val_Loss": 0.21485144931536448, "val_classification_loss": 0.21485144931536448, "val_classification_accuracy": 0.9330929487179486, "val_multi_pass_classification_accuracy": 0.9013421474358971, "_runtime": 104.98028421401978, "_step": 4}