{"train_Loss": 6.181457604098522, "train_Peer Normalization": 0.4612742443370002, "train_loss_layer_0": 0.13716560088617438, "train_ff_accuracy_layer_0": 0.9843666533119654, "train_loss_layer_1": 0.1331004609298922, "train_ff_accuracy_layer_1": 0.9952841212606844, "train_loss_layer_2": 0.1896938654435816, "train_ff_accuracy_layer_2": 0.9948918269230784, "train_loss_layer_3": 0.5242355768698865, "train_ff_accuracy_layer_3": 0.9896918402777787, "train_loss_layer_4": 1.3406112638548906, "train_ff_accuracy_layer_4": 0.9798844818376063, "train_loss_layer_5": 3.835780334778322, "train_ff_accuracy_layer_5": 0.9618556356837614, "train_classification_loss": 0.007032273831015101, "train_classification_accuracy": 0.9981971153846149, "train_multi_pass_classification_accuracy": 0.9927550747863264, "_timestamp": 1682633591.8350112, "val_Loss": 0.05550363517772312, "val_classification_loss": 0.05550363517772312, "val_classification_accuracy": 0.9841746794871794, "val_multi_pass_classification_accuracy": 0.9815705128205127, "_runtime": 1154.047184228897, "_step": 53, "_wandb": {"runtime": 1165}}