{"train_Loss": 6.541122099273226, "train_Peer Normalization": 0.5245183072029015, "train_loss_layer_0": 0.04511208587493273, "train_ff_accuracy_layer_0": 0.9869457799145304, "train_loss_layer_1": 0.105789337207086, "train_ff_accuracy_layer_1": 0.9952423878205139, "train_loss_layer_2": 0.15482846374983744, "train_ff_accuracy_layer_2": 0.9953842815170952, "train_loss_layer_3": 0.42349175495973695, "train_ff_accuracy_layer_3": 0.9923544337606859, "train_loss_layer_4": 1.5389864077616453, "train_ff_accuracy_layer_4": 0.9827974759615375, "train_loss_layer_5": 4.25044189559089, "train_ff_accuracy_layer_5": 0.9677650908119665, "train_classification_loss": 0.006736636974223944, "train_classification_accuracy": 0.9983807425213668, "train_multi_pass_classification_accuracy": 0.9923878205128217, "_timestamp": 1682635164.1313357, "val_Loss": 0.06299333422420883, "val_classification_loss": 0.06299333422420883, "val_classification_accuracy": 0.9828725961538458, "val_multi_pass_classification_accuracy": 0.9798677884615384, "_runtime": 1122.345558643341, "_step": 53, "_wandb": {"runtime": 1125}}