{"train_Loss": 1.183842911934242, "train_Peer Normalization": 0.21544148511866223, "train_loss_layer_0": 0.10987372034921855, "train_ff_accuracy_layer_0": 0.9875717815170947, "train_loss_layer_1": 0.062207778130028674, "train_ff_accuracy_layer_1": 0.9966947115384617, "train_loss_layer_2": 0.05798628943581453, "train_ff_accuracy_layer_2": 0.9968616452991458, "train_loss_layer_3": 0.12433462096424634, "train_ff_accuracy_layer_3": 0.9943325988247882, "train_loss_layer_4": 0.2702381810514555, "train_ff_accuracy_layer_4": 0.9885149572649571, "train_loss_layer_5": 0.5498740044541848, "train_ff_accuracy_layer_5": 0.9799011752136743, "train_classification_loss": 0.002865066183318032, "train_classification_accuracy": 0.9995158920940153, "train_multi_pass_classification_accuracy": 0.9973290598290601, "_timestamp": 1682640598.749649, "val_Loss": 0.055001182099565483, "val_classification_loss": 0.055001182099565483, "val_classification_accuracy": 0.9848758012820509, "val_multi_pass_classification_accuracy": 0.9820713141025638, "_runtime": 1874.4131979942322, "_step": 88}