{"train_Loss": 22.315295105306518, "train_Peer Normalization": 1.004640714735047, "train_loss_layer_0": 0.6763229907856471, "train_ff_accuracy_layer_0": 0.9788661858974353, "train_loss_layer_1": 0.6993123900118431, "train_ff_accuracy_layer_1": 0.9919204059829075, "train_loss_layer_2": 2.22817132775632, "train_ff_accuracy_layer_2": 0.9814035790598278, "train_loss_layer_3": 3.134840874463068, "train_ff_accuracy_layer_3": 0.9767043936965806, "train_loss_layer_4": 6.013815279190356, "train_ff_accuracy_layer_4": 0.9569060496794873, "train_loss_layer_5": 9.498153153647726, "train_ff_accuracy_layer_5": 0.9378088274572648, "train_classification_loss": 0.03453991064029691, "train_classification_accuracy": 0.9892327724358988, "train_multi_pass_classification_accuracy": 0.9846087072649583, "_timestamp": 1682626722.8819213, "_runtime": 305.92097520828247, "_step": 105, "val_Loss": 0.07480429055599067, "val_classification_loss": 0.07480429055599067, "val_classification_accuracy": 0.9768629807692307, "val_multi_pass_classification_accuracy": 0.9744591346153846, "_wandb": {"runtime": 306}}