{"train_Loss": 6.174033519549244, "train_Peer Normalization": 0.4561146434046266, "train_loss_layer_0": 0.36343285642787193, "train_ff_accuracy_layer_0": 0.9822549412393159, "train_loss_layer_1": 0.3508128915930693, "train_ff_accuracy_layer_1": 0.9931557158119678, "train_loss_layer_2": 0.3243944986692929, "train_ff_accuracy_layer_2": 0.9931640625000018, "train_loss_layer_3": 0.6552192705169121, "train_ff_accuracy_layer_3": 0.98818108974359, "train_loss_layer_4": 1.5138377498867173, "train_ff_accuracy_layer_4": 0.9764039129273503, "train_loss_layer_5": 2.9434452464437912, "train_ff_accuracy_layer_5": 0.9608289930555551, "train_classification_loss": 0.009207552883716332, "train_classification_accuracy": 0.9973791399572649, "train_multi_pass_classification_accuracy": 0.9923210470085483, "_timestamp": 1682638458.6185908, "val_Loss": 0.05919565258022301, "val_classification_loss": 0.05919565258022301, "val_classification_accuracy": 0.983273237179487, "val_multi_pass_classification_accuracy": 0.9803685897435895, "_runtime": 1300.0710408687592, "_step": 60, "_wandb": {"runtime": 1314}}