{"train_Loss": 5.1491488055286245, "train_Peer Normalization": 0.3677424661114683, "train_loss_layer_0": 0.36816367193356, "train_ff_accuracy_layer_0": 0.9801599225427333, "train_loss_layer_1": 0.26214723293162046, "train_ff_accuracy_layer_1": 0.9931139823717969, "train_loss_layer_2": 0.2783865271830592, "train_ff_accuracy_layer_2": 0.993239182692309, "train_loss_layer_3": 0.6013390553337086, "train_ff_accuracy_layer_3": 0.9876635950854703, "train_loss_layer_4": 1.2294091496966846, "train_ff_accuracy_layer_4": 0.978540665064102, "train_loss_layer_5": 2.390384260660562, "train_ff_accuracy_layer_5": 0.9633997729700859, "train_classification_loss": 0.008286607061695856, "train_classification_accuracy": 0.9976629273504272, "train_multi_pass_classification_accuracy": 0.9927550747863265, "_timestamp": 1682639437.5822718, "val_Loss": 0.053406187858528055, "val_classification_loss": 0.053406187858528055, "val_classification_accuracy": 0.9848758012820509, "val_multi_pass_classification_accuracy": 0.9796674679487178, "_runtime": 1551.92209482193, "_step": 72, "_wandb": {"runtime": 1560}}