{"train_Loss": 818079789761603.9, "train_Peer Normalization": 76013464644.26662, "train_loss_layer_0": 41185367524.693306, "train_ff_accuracy_layer_0": 0.5000083332757203, "train_loss_layer_1": 203671734600772.34, "train_ff_accuracy_layer_1": 0.5000000000000048, "train_loss_layer_2": 307535561348874.44, "train_ff_accuracy_layer_2": 0.5000000000000048, "train_loss_layer_3": 306829014957642.75, "train_ff_accuracy_layer_3": 0.5000000000000048, "train_classification_loss": 2.476228632132215, "train_classification_accuracy": 0.1005833307591577, "train_multi_pass_classification_accuracy": 0.10278333055165888, "_timestamp": 1682614233.4557574, "_runtime": 410.473215341568, "_step": 23, "val_Loss": 2.4812012290954586, "val_classification_loss": 2.4812012290954586, "val_classification_accuracy": 0.10279999740421762, "val_multi_pass_classification_accuracy": 0.12089999683201308, "_wandb": {"runtime": 411}}