{"train_Loss": 523527848482.1335, "train_Peer Normalization": 26771262.600000016, "train_loss_layer_0": 1159303945.6000001, "train_ff_accuracy_layer_0": 0.49999999999999944, "train_loss_layer_1": 123521877469.86671, "train_ff_accuracy_layer_1": 0.49999999999999944, "train_loss_layer_2": 176473649834.6666, "train_ff_accuracy_layer_2": 0.49999999999999944, "train_loss_layer_3": 222372216149.33322, "train_ff_accuracy_layer_3": 0.49999999999999944, "train_classification_loss": 2.326886481046677, "train_classification_accuracy": 0.10458333802719914, "train_multi_pass_classification_accuracy": 0.1024500043441852, "_timestamp": 1682618420.2906575, "_runtime": 19.753345489501953, "_step": 5, "val_Loss": 2.3289650559425352, "val_classification_loss": 2.3289650559425352, "val_classification_accuracy": 0.10280000381171704, "val_multi_pass_classification_accuracy": 0.09920000508427619, "_wandb": {"runtime": 23}}