{"train_Loss": 114.2893379733094, "train_Peer Normalization": 2.519084313995817, "train_loss_layer_0": 4.883576524563326, "train_ff_accuracy_layer_0": 0.9530749198717948, "train_loss_layer_1": 4.3421386684108025, "train_ff_accuracy_layer_1": 0.9811615251068374, "train_loss_layer_2": 12.087800440625251, "train_ff_accuracy_layer_2": 0.9654029780982906, "train_loss_layer_3": 23.66153033370646, "train_ff_accuracy_layer_3": 0.9510633680555565, "train_loss_layer_4": 28.595373964717243, "train_ff_accuracy_layer_4": 0.9351378872863254, "train_loss_layer_5": 40.54541918762725, "train_ff_accuracy_layer_5": 0.9125100160256406, "train_classification_loss": 0.09792577267552796, "train_classification_accuracy": 0.9700186965811971, "train_multi_pass_classification_accuracy": 0.9664129273504268, "_timestamp": 1682630654.6429844, "val_Loss": 0.11127379737221275, "val_classification_loss": 0.11127379737221275, "val_classification_accuracy": 0.965144230769231, "val_multi_pass_classification_accuracy": 0.9670472756410257, "_runtime": 475.78768730163574, "_step": 21, "_wandb": {"runtime": 486}}