{"train_Loss": 3118.6785646972635, "train_Peer Normalization": 1.0559337553977963, "train_loss_layer_0": 210.38597583007814, "train_ff_accuracy_layer_0": 0.5245799815058694, "train_loss_layer_1": 262.8165949096681, "train_ff_accuracy_layer_1": 0.5191899835467325, "train_loss_layer_2": 523.6193373413086, "train_ff_accuracy_layer_2": 0.5068399862051001, "train_loss_layer_3": 610.0814480590822, "train_ff_accuracy_layer_3": 0.502599986493587, "train_loss_layer_4": 771.848930358887, "train_ff_accuracy_layer_4": 0.5012299867868419, "train_loss_layer_5": 734.9595666198729, "train_ff_accuracy_layer_5": 0.5013099877834322, "train_classification_loss": 4.935040416717528, "train_classification_accuracy": 0.1466199964061379, "train_multi_pass_classification_accuracy": 0.12235999684780828, "_timestamp": 1682609868.5352635, "_runtime": 162.4154224395752, "_step": 29, "val_Loss": 8.061757450103762, "val_classification_loss": 8.061757450103762, "val_classification_accuracy": 0.12429999705404036, "val_multi_pass_classification_accuracy": 0.12069999668747183, "_wandb": {"runtime": 164}}