{"train_Loss": 3416550634167117.5, "train_Peer Normalization": 46953461903.36, "train_loss_layer_0": 1202.6736846923839, "train_ff_accuracy_layer_0": 0.5000000000000048, "train_loss_layer_1": 691651123085312.6, "train_ff_accuracy_layer_1": 0.5000000000000048, "train_loss_layer_2": 696447987956230.8, "train_ff_accuracy_layer_2": 0.5000000000000048, "train_loss_layer_3": 675818439292135.9, "train_ff_accuracy_layer_3": 0.5000000000000048, "train_loss_layer_4": 674080334702182.1, "train_ff_accuracy_layer_4": 0.5000000000000048, "train_loss_layer_5": 678551264459489.4, "train_ff_accuracy_layer_5": 0.5000000000000048, "train_classification_loss": 25.406225423812856, "train_classification_accuracy": 0.09851666389033195, "train_multi_pass_classification_accuracy": 0.10416666385717675, "_timestamp": 1682611559.8347902, "_runtime": 151.4971182346344, "_step": 3, "val_Loss": 24.749089946746825, "val_classification_loss": 24.749089946746825, "val_classification_accuracy": 0.10319999758154151, "val_multi_pass_classification_accuracy": 0.09959999736398456, "_wandb": {"runtime": 183}}