{"train_Loss": 528.8773674926758, "train_Peer Normalization": 1.2188642187118532, "train_loss_layer_0": 84.19000123596193, "train_ff_accuracy_layer_0": 0.6678899835348141, "train_loss_layer_1": 86.17084712219234, "train_ff_accuracy_layer_1": 0.6559799846410752, "train_loss_layer_2": 153.0912239532472, "train_ff_accuracy_layer_2": 0.6275899861454952, "train_loss_layer_3": 203.7661441497802, "train_ff_accuracy_layer_3": 0.6060599882006639, "train_classification_loss": 1.6225861554145822, "train_classification_accuracy": 0.4387199891209598, "train_multi_pass_classification_accuracy": 0.41543998950719774, "_timestamp": 1682608314.3889992, "_runtime": 564.4596791267395, "_step": 125, "val_Loss": 1.8241130292415613, "val_classification_loss": 1.8241130292415613, "val_classification_accuracy": 0.3743999904394149, "val_multi_pass_classification_accuracy": 0.3716999906301498, "_wandb": {"runtime": 570}}