{"train_Loss": 219.48172683715833, "train_Peer Normalization": 0.8706575687726338, "train_loss_layer_0": 10.998434963623685, "train_ff_accuracy_layer_0": 0.8865499807397527, "train_loss_layer_1": 31.28261946876841, "train_ff_accuracy_layer_1": 0.9162916478514659, "train_loss_layer_2": 80.28352961540214, "train_ff_accuracy_layer_2": 0.8759249813357975, "train_loss_layer_3": 96.44712260564174, "train_ff_accuracy_layer_3": 0.8531749804814648, "train_classification_loss": 0.4438999386876823, "train_classification_accuracy": 0.8662166471282631, "train_multi_pass_classification_accuracy": 0.8921166477600729, "_timestamp": 1682608886.9984102, "_runtime": 18.52739429473877, "_step": 3, "val_Loss": 0.30555866792798053, "val_classification_loss": 0.30555866792798053, "val_classification_accuracy": 0.9111999809741975, "val_multi_pass_classification_accuracy": 0.9215999794006351, "_wandb": {"runtime": 20}}