{"train_Loss": 12613.607969726558, "train_Peer Normalization": 0.6679239253997807, "train_loss_layer_0": 440.7133135070799, "train_ff_accuracy_layer_0": 0.513549985766409, "train_loss_layer_1": 1070.7527641601566, "train_ff_accuracy_layer_1": 0.507049987971781, "train_loss_layer_2": 2784.7565948486313, "train_ff_accuracy_layer_2": 0.4990999885201447, "train_loss_layer_3": 3135.3304471435586, "train_ff_accuracy_layer_3": 0.5004799867272373, "train_loss_layer_4": 2487.169854919437, "train_ff_accuracy_layer_4": 0.49906998723745355, "train_loss_layer_5": 2671.8262036132824, "train_ff_accuracy_layer_5": 0.5012599869966506, "train_classification_loss": 23.038759532928484, "train_classification_accuracy": 0.11317999683693035, "train_multi_pass_classification_accuracy": 0.1125399970486759, "_timestamp": 1682610085.2553992, "_runtime": 198.78430318832397, "_step": 21, "val_Loss": 20.362892608642582, "val_classification_loss": 20.362892608642582, "val_classification_accuracy": 0.11489999689161769, "val_multi_pass_classification_accuracy": 0.12049999658018347, "_wandb": {"runtime": 198}}