{"train_Loss": 18.003967696784905, "train_Peer Normalization": 1.2586795361632972, "train_loss_layer_0": 0.7563392053015978, "train_ff_accuracy_layer_0": 0.9858273237179491, "train_loss_layer_1": 0.8234106279253782, "train_ff_accuracy_layer_1": 0.9934395032051301, "train_loss_layer_2": 3.238728031388715, "train_ff_accuracy_layer_2": 0.9804770966880332, "train_loss_layer_3": 3.3716185711897317, "train_ff_accuracy_layer_3": 0.975719484508547, "train_loss_layer_4": 4.763047034923845, "train_ff_accuracy_layer_4": 0.956346821581197, "train_loss_layer_5": 4.977445278412258, "train_ff_accuracy_layer_5": 0.9374248798076928, "train_classification_loss": 0.0356184265568343, "train_classification_accuracy": 0.9886818910256425, "train_multi_pass_classification_accuracy": 0.9878138354700868, "_timestamp": 1682632437.9044855, "val_Loss": 0.08469915394790663, "val_classification_loss": 0.08469915394790663, "val_classification_accuracy": 0.9746594551282052, "val_multi_pass_classification_accuracy": 0.9786658653846153, "_runtime": 1350.8494334220886, "_step": 61, "_wandb": {"runtime": 1353}}