{"train_Loss": 23.007059553749546, "train_Peer Normalization": 1.0444519799998684, "train_loss_layer_0": 0.2564797077694127, "train_ff_accuracy_layer_0": 0.9834318242521363, "train_loss_layer_1": 0.33678864783775414, "train_ff_accuracy_layer_1": 0.9939903846153865, "train_loss_layer_2": 0.5993660289322607, "train_ff_accuracy_layer_2": 0.9928552350427369, "train_loss_layer_3": 1.8736304826865333, "train_ff_accuracy_layer_3": 0.9842414529914525, "train_loss_layer_4": 6.770844280210317, "train_ff_accuracy_layer_4": 0.9634581997863247, "train_loss_layer_5": 13.126487057433183, "train_ff_accuracy_layer_5": 0.9448033520299151, "train_classification_loss": 0.012129782756758694, "train_classification_accuracy": 0.9963107638888894, "train_multi_pass_classification_accuracy": 0.9868623130341887, "_timestamp": 1682631992.3263247, "val_Loss": 0.05482095222060498, "val_classification_loss": 0.05482095222060498, "val_classification_accuracy": 0.9846754807692303, "val_multi_pass_classification_accuracy": 0.9767628205128206, "_runtime": 1165.6636326313019, "_step": 51, "_wandb": {"runtime": 1169}}