{"train_Loss": 557.8041095537008, "train_Peer Normalization": 1.8895987087918318, "train_loss_layer_0": 27.39537126993396, "train_ff_accuracy_layer_0": 0.7769108408505156, "train_loss_layer_1": 88.55230500526037, "train_ff_accuracy_layer_1": 0.7169982280927836, "train_loss_layer_2": 104.39298625828064, "train_ff_accuracy_layer_2": 0.6919197003865977, "train_loss_layer_3": 100.38669617643062, "train_ff_accuracy_layer_3": 0.66320674935567, "train_loss_layer_4": 114.47566765854042, "train_ff_accuracy_layer_4": 0.6407860824742267, "train_loss_layer_5": 121.29051586033141, "train_ff_accuracy_layer_5": 0.6121939432989693, "train_classification_loss": 1.2538829538011071, "train_classification_accuracy": 0.5594998389175261, "train_multi_pass_classification_accuracy": 0.45278269974226815, "_timestamp": 1682616264.877929, "_runtime": 1824.3696398735046, "_step": 295, "val_Loss": 1.5813059179406417, "val_classification_loss": 1.5813059179406417, "val_classification_accuracy": 0.4494243421052631, "val_multi_pass_classification_accuracy": 0.37397203947368424, "_wandb": {"runtime": 1826}}