{"train_Loss": 66036046028.79997, "train_Peer Normalization": 1197879.2177083334, "train_loss_layer_0": 160033427.7333334, "train_ff_accuracy_layer_0": 0.49999999999999944, "train_loss_layer_1": 13823350451.2, "train_ff_accuracy_layer_1": 0.49999999999999944, "train_loss_layer_2": 23424340616.53333, "train_ff_accuracy_layer_2": 0.49999999999999944, "train_loss_layer_3": 28628284398.933334, "train_ff_accuracy_layer_3": 0.49999999999999944, "train_classification_loss": 2.3278708120187126, "train_classification_accuracy": 0.10035000462085011, "train_multi_pass_classification_accuracy": 0.10098333812008305, "_timestamp": 1682618926.6434245, "_runtime": 63.22040843963623, "_step": 20, "val_Loss": 2.342511570453644, "val_classification_loss": 2.342511570453644, "val_classification_accuracy": 0.09820000417530537, "val_multi_pass_classification_accuracy": 0.08230000436306, "_wandb": {"runtime": 63}}