{"train_Loss": 21.876835790454844, "train_Peer Normalization": 1.1101434001555806, "train_loss_layer_0": 0.056860467707579125, "train_ff_accuracy_layer_0": 0.9891409588675227, "train_loss_layer_1": 0.15527075868961124, "train_ff_accuracy_layer_1": 0.9962356436965819, "train_loss_layer_2": 0.37035066200680766, "train_ff_accuracy_layer_2": 0.9949919871794887, "train_loss_layer_3": 1.4946494694066859, "train_ff_accuracy_layer_3": 0.9878221821581199, "train_loss_layer_4": 5.292975359747553, "train_ff_accuracy_layer_4": 0.972723023504274, "train_loss_layer_5": 14.46767389876211, "train_ff_accuracy_layer_5": 0.9486428285256422, "train_classification_loss": 0.005750814166455332, "train_classification_accuracy": 0.9986311431623921, "train_multi_pass_classification_accuracy": 0.9890324519230782, "_timestamp": 1682634139.467301, "val_Loss": 0.056738169314578556, "val_classification_loss": 0.056738169314578556, "val_classification_accuracy": 0.9835737179487177, "val_multi_pass_classification_accuracy": 0.9770633012820515, "_runtime": 1571.7372949123383, "_step": 73, "_wandb": {"runtime": 1578}}