{"train_Loss": 2010.2779941406247, "train_Peer Normalization": 1.3783149924278262, "train_loss_layer_0": 2.0390377624034883, "train_ff_accuracy_layer_0": 0.8518799834251398, "train_loss_layer_1": 7.502533738136286, "train_ff_accuracy_layer_1": 0.8438599817752829, "train_loss_layer_2": 1000.0, "train_ff_accuracy_layer_2": 0.5000000000000003, "train_loss_layer_3": 1000.0, "train_ff_accuracy_layer_3": 0.5000000000000003, "train_classification_loss": 0.6950686769485477, "train_classification_accuracy": 0.4937999882698061, "train_multi_pass_classification_accuracy": 0.8737999806404103, "_timestamp": 1682628194.6002822, "val_Loss": 0.6942082798480987, "val_classification_loss": 0.6942082798480987, "val_classification_accuracy": 0.46259998881816883, "val_multi_pass_classification_accuracy": 0.8512799775600425, "_runtime": 734.4138131141663, "_step": 99, "_wandb": {"runtime": 734}}