{"train_Loss": 527012758869.3332, "train_Peer Normalization": 27782772.699999996, "train_loss_layer_0": 1217754332.8000004, "train_ff_accuracy_layer_0": 0.49999999999999944, "train_loss_layer_1": 120880142813.86664, "train_ff_accuracy_layer_1": 0.49999999999999944, "train_loss_layer_2": 186044249292.79993, "train_ff_accuracy_layer_2": 0.49999999999999944, "train_loss_layer_3": 218869781162.6667, "train_ff_accuracy_layer_3": 0.49999999999999944, "train_classification_loss": 2.3351641972859696, "train_classification_accuracy": 0.1008666716516018, "train_multi_pass_classification_accuracy": 0.09855000432580706, "_timestamp": 1682618522.2744868, "_runtime": 30.05159878730774, "_step": 7, "val_Loss": 2.3169721841812136, "val_classification_loss": 2.3169721841812136, "val_classification_accuracy": 0.10280000381171704, "val_multi_pass_classification_accuracy": 0.08420000318437813, "_wandb": {"runtime": 28}}