{"train_Loss": 3751.014228027342, "train_Peer Normalization": 0.8809716031551358, "train_loss_layer_0": 212.97210729980466, "train_ff_accuracy_layer_0": 0.6403499852418898, "train_loss_layer_1": 586.9758801879888, "train_ff_accuracy_layer_1": 0.5949299862384794, "train_loss_layer_2": 716.8138321533199, "train_ff_accuracy_layer_2": 0.5501399870514866, "train_loss_layer_3": 710.769184326172, "train_ff_accuracy_layer_3": 0.5266599872112276, "train_loss_layer_4": 751.1379701538083, "train_ff_accuracy_layer_4": 0.5109899873733525, "train_loss_layer_5": 770.1734302978509, "train_ff_accuracy_layer_5": 0.5025599870085715, "train_classification_loss": 2.1453912417888654, "train_classification_accuracy": 0.2660199933052059, "train_multi_pass_classification_accuracy": 0.21237999366223786, "_timestamp": 1682614197.480122, "_runtime": 1456.1413271427155, "_step": 151, "val_Loss": 2.2359408187866197, "val_classification_loss": 2.2359408187866197, "val_classification_accuracy": 0.24619999244809146, "val_multi_pass_classification_accuracy": 0.18779999412596202, "_wandb": {"runtime": 1467}}