{"train_Loss": 2477.3505560302733, "train_Peer Normalization": 1.095979338785012, "train_loss_layer_0": 9.198767661650987, "train_ff_accuracy_layer_0": 0.9436999816695839, "train_loss_layer_1": 29.035806816841184, "train_ff_accuracy_layer_1": 0.9546416454513839, "train_loss_layer_2": 318.8389377148945, "train_ff_accuracy_layer_2": 0.7842583135763818, "train_loss_layer_3": 622.917174720764, "train_ff_accuracy_layer_3": 0.6413083192209407, "train_loss_layer_4": 709.3410010019936, "train_ff_accuracy_layer_4": 0.6092833191156398, "train_loss_layer_5": 787.3622715759279, "train_ff_accuracy_layer_5": 0.5867916516462961, "train_classification_loss": 0.6237083745002743, "train_classification_accuracy": 0.8562999798854178, "train_multi_pass_classification_accuracy": 0.72404998237888, "_timestamp": 1682609690.3004408, "_runtime": 52.21527981758118, "_step": 8, "val_Loss": 0.5528055432438851, "val_classification_loss": 0.5528055432438851, "val_classification_accuracy": 0.8375999832153317, "val_multi_pass_classification_accuracy": 0.8466999799013135, "_wandb": {"runtime": 53}}