{"train_Loss": 250.34984363653726, "train_Peer Normalization": 6.961458183761335, "train_loss_layer_0": 3.5527341394151892, "train_ff_accuracy_layer_0": 0.9787326388888891, "train_loss_layer_1": 4.9698209570259095, "train_ff_accuracy_layer_1": 0.9900841346153857, "train_loss_layer_2": 33.696736144204415, "train_ff_accuracy_layer_2": 0.9682992788461539, "train_loss_layer_3": 42.773211837833735, "train_ff_accuracy_layer_3": 0.956655649038462, "train_loss_layer_4": 65.11868058718167, "train_ff_accuracy_layer_4": 0.9363314636752144, "train_loss_layer_5": 99.89975055466348, "train_ff_accuracy_layer_5": 0.9127019898504273, "train_classification_loss": 0.13006562532650096, "train_classification_accuracy": 0.9584001068376072, "train_multi_pass_classification_accuracy": 0.9738915598290602, "_timestamp": 1682626359.6005108, "_runtime": 288.7920928001404, "_step": 101, "val_Loss": 0.14869590275562727, "val_classification_loss": 0.14869590275562727, "val_classification_accuracy": 0.955028044871795, "val_multi_pass_classification_accuracy": 0.9697516025641026, "_wandb": {"runtime": 291}}