{"train_Loss": 536046403584.00024, "train_Peer Normalization": 60659861.966666654, "train_loss_layer_0": 5807776.991666667, "train_ff_accuracy_layer_0": 0.5000083337227499, "train_loss_layer_1": 120123373977.60007, "train_ff_accuracy_layer_1": 0.49999999999999944, "train_loss_layer_2": 193955497574.40015, "train_ff_accuracy_layer_2": 0.49999999999999944, "train_loss_layer_3": 221959899682.1332, "train_ff_accuracy_layer_3": 0.49999999999999944, "train_classification_loss": 2.336077558994294, "train_classification_accuracy": 0.09986667142560088, "train_multi_pass_classification_accuracy": 0.10226667132228615, "_timestamp": 1682618480.4801712, "_runtime": 26.50437617301941, "_step": 7, "val_Loss": 2.3185852169990544, "val_classification_loss": 2.3185852169990544, "val_classification_accuracy": 0.10280000381171704, "val_multi_pass_classification_accuracy": 0.10820000432431698, "_wandb": {"runtime": 26}}