{"train_Loss": 143.88132110008826, "train_Peer Normalization": 0.5564359002388441, "train_loss_layer_0": 6.410000397608824, "train_ff_accuracy_layer_0": 0.8554270165598289, "train_loss_layer_1": 15.41488494628515, "train_ff_accuracy_layer_1": 0.8670873397435898, "train_loss_layer_2": 22.00174895107236, "train_ff_accuracy_layer_2": 0.8466629941239314, "train_loss_layer_3": 21.405337333679213, "train_ff_accuracy_layer_3": 0.8293102297008547, "train_loss_layer_4": 34.68175310966297, "train_ff_accuracy_layer_4": 0.794429420405983, "train_loss_layer_5": 43.709833679036194, "train_ff_accuracy_layer_5": 0.768888555021367, "train_classification_loss": 0.2410692117917231, "train_classification_accuracy": 0.9261818910256414, "train_multi_pass_classification_accuracy": 0.898354033119658, "_timestamp": 1682637131.5974014, "val_Loss": 0.20506449425831821, "val_classification_loss": 0.20506449425831821, "val_classification_accuracy": 0.9369991987179489, "val_multi_pass_classification_accuracy": 0.912159455128205, "_runtime": 46.078816413879395, "_step": 1, "_wandb": {"runtime": 50}}